L1,L2,L3,L4
Study,,,
,Explore courses,,
,,Explore all courses,
,,Find a course,
,,Study areas,
,,,Architecture and Design
,,,Business and Commerce
,,,Data and Computer Science
,,,Education
,,,Engineering
,,,Health and Biomedical Sciences
,,,Humanities and Social Sciences
,,,Law
,,,Music and Fine Arts
,,,Natural and Physical Sciences
,,,Psychology
,,Undergraduate courses,
,,Postgraduate courses,
,,Higher Degree by Research,
,,Assured Pathways,
,,Short courses,
,,Our courses explained,
,Discover UWA,,
,How to apply,,
,Scholarships and fees,,
,Support information,,
Life at UWA,,,
Our research,,,
Partners and community,,,
About us,,,
Current students,,,
News,,,
Events,,,
Library,,,
Staff,,,
